region,country,population
Latin America & Caribbean ,Aruba,106314.0
South Asia,Afghanistan,38041754.0
Sub-Saharan Africa ,Angola,31825295.0
Europe & Central Asia,Albania,2854191.0
Europe & Central Asia,Andorra,77142.0
Middle East & North Africa,United Arab Emirates,9770529.0
Latin America & Caribbean ,Argentina,44938712.0
Europe & Central Asia,Armenia,2957731.0
East Asia & Pacific,American Samoa,55312.0
Latin America & Caribbean ,Antigua and Barbuda,97118.0
East Asia & Pacific,Australia,25365745.0
Europe & Central Asia,Austria,8879920.0
Europe & Central Asia,Azerbaijan,10024283.0
Sub-Saharan Africa ,Burundi,11530580.0
Europe & Central Asia,Belgium,11502704.0
Sub-Saharan Africa ,Benin,11801151.0
Sub-Saharan Africa ,Burkina Faso,20321378.0
South Asia,Bangladesh,163046161.0
Europe & Central Asia,Bulgaria,6975761.0
Middle East & North Africa,Bahrain,1641172.0
Latin America & Caribbean ,"Bahamas, The",389482.0
Europe & Central Asia,Bosnia and Herzegovina,3301000.0
Europe & Central Asia,Belarus,9417849.0
Latin America & Caribbean ,Belize,390353.0
North America,Bermuda,64027.0
Latin America & Caribbean ,Bolivia,11513100.0
Latin America & Caribbean ,Brazil,211049527.0
Latin America & Caribbean ,Barbados,287025.0
East Asia & Pacific,Brunei Darussalam,433285.0
South Asia,Bhutan,763092.0
Sub-Saharan Africa ,Botswana,2303697.0
Sub-Saharan Africa ,Central African Republic,4745185.0
North America,Canada,37593384.0
Europe & Central Asia,Switzerland,8575280.0
Europe & Central Asia,Channel Islands,172259.0
Latin America & Caribbean ,Chile,18952038.0
East Asia & Pacific,China,1397715000.0
Sub-Saharan Africa ,Cote d'Ivoire,25716544.0
Sub-Saharan Africa ,Cameroon,25876380.0
Sub-Saharan Africa ,"Congo, Dem. Rep.",86790567.0
Sub-Saharan Africa ,"Congo, Rep.",5380508.0
Latin America & Caribbean ,Colombia,50339443.0
Sub-Saharan Africa ,Comoros,850886.0
Sub-Saharan Africa ,Cabo Verde,549935.0
Latin America & Caribbean ,Costa Rica,5047561.0
Latin America & Caribbean ,Cuba,11333483.0
Latin America & Caribbean ,Curacao,157441.0
Latin America & Caribbean ,Cayman Islands,64948.0
Europe & Central Asia,Cyprus,1198575.0
Europe & Central Asia,Czech Republic,10671870.0
Europe & Central Asia,Germany,83092962.0
Middle East & North Africa,Djibouti,973560.0
Latin America & Caribbean ,Dominica,71808.0
Europe & Central Asia,Denmark,5814422.0
Latin America & Caribbean ,Dominican Republic,10738958.0
Middle East & North Africa,Algeria,43053054.0
Latin America & Caribbean ,Ecuador,17373662.0
Middle East & North Africa,"Egypt, Arab Rep.",100388073.0
Sub-Saharan Africa ,Eritrea,
Europe & Central Asia,Spain,47133521.0
Europe & Central Asia,Estonia,1326898.0
Sub-Saharan Africa ,Ethiopia,112078730.0
Europe & Central Asia,Finland,5521606.0
East Asia & Pacific,Fiji,889953.0
Europe & Central Asia,France,67055854.0
Europe & Central Asia,Faroe Islands,48678.0
East Asia & Pacific,"Micronesia, Fed. Sts.",113815.0
Sub-Saharan Africa ,Gabon,2172579.0
Europe & Central Asia,United Kingdom,66836327.0
Europe & Central Asia,Georgia,3720161.0
Sub-Saharan Africa ,Ghana,30417856.0
Europe & Central Asia,Gibraltar,33701.0
Sub-Saharan Africa ,Guinea,12771246.0
Sub-Saharan Africa ,"Gambia, The",2347706.0
Sub-Saharan Africa ,Guinea-Bissau,1920922.0
Sub-Saharan Africa ,Equatorial Guinea,1355986.0
Europe & Central Asia,Greece,10717169.0
Latin America & Caribbean ,Grenada,112003.0
Europe & Central Asia,Greenland,56225.0
Latin America & Caribbean ,Guatemala,16604026.0
East Asia & Pacific,Guam,167294.0
Latin America & Caribbean ,Guyana,782766.0
East Asia & Pacific,"Hong Kong SAR, China",7507400.0
Latin America & Caribbean ,Honduras,9746117.0
Europe & Central Asia,Croatia,4065253.0
Latin America & Caribbean ,Haiti,11263077.0
Europe & Central Asia,Hungary,9771141.0
East Asia & Pacific,Indonesia,270625568.0
Europe & Central Asia,Isle of Man,84584.0
South Asia,India,1366417754.0
Europe & Central Asia,Ireland,4934040.0
Middle East & North Africa,"Iran, Islamic Rep.",82913906.0
Middle East & North Africa,Iraq,39309783.0
Europe & Central Asia,Iceland,360563.0
Middle East & North Africa,Israel,9054000.0
Europe & Central Asia,Italy,60302093.0
Latin America & Caribbean ,Jamaica,2948279.0
Middle East & North Africa,Jordan,10101694.0
East Asia & Pacific,Japan,126264931.0
Europe & Central Asia,Kazakhstan,18513673.0
Sub-Saharan Africa ,Kenya,52573973.0
Europe & Central Asia,Kyrgyz Republic,6456200.0
East Asia & Pacific,Cambodia,16486542.0
East Asia & Pacific,Kiribati,117606.0
Latin America & Caribbean ,St. Kitts and Nevis,52834.0
East Asia & Pacific,"Korea, Rep.",51709098.0
Middle East & North Africa,Kuwait,4207083.0
East Asia & Pacific,Lao PDR,7169455.0
Middle East & North Africa,Lebanon,6855713.0
Sub-Saharan Africa ,Liberia,4937374.0
Middle East & North Africa,Libya,6777452.0
Latin America & Caribbean ,St. Lucia,182790.0
Europe & Central Asia,Liechtenstein,38019.0
South Asia,Sri Lanka,21803000.0
Sub-Saharan Africa ,Lesotho,2125268.0
Europe & Central Asia,Lithuania,2794137.0
Europe & Central Asia,Luxembourg,620001.0
Europe & Central Asia,Latvia,1913822.0
East Asia & Pacific,"Macao SAR, China",640445.0
Latin America & Caribbean ,St. Martin (French part),38002.0
Middle East & North Africa,Morocco,36471769.0
Europe & Central Asia,Monaco,38964.0
Europe & Central Asia,Moldova,2663251.0
Sub-Saharan Africa ,Madagascar,26969307.0
South Asia,Maldives,530953.0
Latin America & Caribbean ,Mexico,127575529.0
East Asia & Pacific,Marshall Islands,58791.0
Europe & Central Asia,North Macedonia,2083459.0
Sub-Saharan Africa ,Mali,19658031.0
Middle East & North Africa,Malta,504062.0
East Asia & Pacific,Myanmar,54045420.0
Europe & Central Asia,Montenegro,622028.0
East Asia & Pacific,Mongolia,3225167.0
East Asia & Pacific,Northern Mariana Islands,57216.0
Sub-Saharan Africa ,Mozambique,30366036.0
Sub-Saharan Africa ,Mauritania,4525696.0
Sub-Saharan Africa ,Mauritius,1265711.0
Sub-Saharan Africa ,Malawi,18628747.0
East Asia & Pacific,Malaysia,31949777.0
Sub-Saharan Africa ,Namibia,2494530.0
East Asia & Pacific,New Caledonia,287800.0
Sub-Saharan Africa ,Niger,23310715.0
Sub-Saharan Africa ,Nigeria,200963599.0
Latin America & Caribbean ,Nicaragua,6545502.0
Europe & Central Asia,Netherlands,17344874.0
Europe & Central Asia,Norway,5347896.0
South Asia,Nepal,28608710.0
East Asia & Pacific,Nauru,12581.0
East Asia & Pacific,New Zealand,4979300.0
Middle East & North Africa,Oman,4974986.0
South Asia,Pakistan,216565318.0
Latin America & Caribbean ,Panama,4246439.0
Latin America & Caribbean ,Peru,32510453.0
East Asia & Pacific,Philippines,108116615.0
East Asia & Pacific,Palau,18008.0
East Asia & Pacific,Papua New Guinea,8776109.0
Europe & Central Asia,Poland,37965475.0
Latin America & Caribbean ,Puerto Rico,3193694.0
East Asia & Pacific,"Korea, Dem. People's Rep.",25666161.0
Europe & Central Asia,Portugal,10286263.0
Latin America & Caribbean ,Paraguay,7044636.0
Middle East & North Africa,West Bank and Gaza,4685306.0
East Asia & Pacific,French Polynesia,279287.0
Middle East & North Africa,Qatar,2832067.0
Europe & Central Asia,Romania,19366221.0
Europe & Central Asia,Russian Federation,144406261.0
Sub-Saharan Africa ,Rwanda,12626950.0
Middle East & North Africa,Saudi Arabia,34268528.0
Sub-Saharan Africa ,Sudan,42813238.0
Sub-Saharan Africa ,Senegal,16296364.0
East Asia & Pacific,Singapore,5703569.0
East Asia & Pacific,Solomon Islands,669823.0
Sub-Saharan Africa ,Sierra Leone,7813215.0
Latin America & Caribbean ,El Salvador,6453553.0
Europe & Central Asia,San Marino,33860.0
Sub-Saharan Africa ,Somalia,15442905.0
Europe & Central Asia,Serbia,6945235.0
Sub-Saharan Africa ,South Sudan,11062113.0
Sub-Saharan Africa ,Sao Tome and Principe,215056.0
Latin America & Caribbean ,Suriname,581363.0
Europe & Central Asia,Slovak Republic,5454147.0
Europe & Central Asia,Slovenia,2088385.0
Europe & Central Asia,Sweden,10278887.0
Sub-Saharan Africa ,Eswatini,1148130.0
Latin America & Caribbean ,Sint Maarten (Dutch part),40733.0
Sub-Saharan Africa ,Seychelles,97625.0
Middle East & North Africa,Syrian Arab Republic,17070135.0
Latin America & Caribbean ,Turks and Caicos Islands,38191.0
Sub-Saharan Africa ,Chad,15946876.0
Sub-Saharan Africa ,Togo,8082366.0
East Asia & Pacific,Thailand,69625582.0
Europe & Central Asia,Tajikistan,9321018.0
Europe & Central Asia,Turkmenistan,5942089.0
East Asia & Pacific,Timor-Leste,1293119.0
East Asia & Pacific,Tonga,104494.0
Latin America & Caribbean ,Trinidad and Tobago,1394973.0
Middle East & North Africa,Tunisia,11694719.0
Europe & Central Asia,Turkey,83429615.0
East Asia & Pacific,Tuvalu,11646.0
East Asia & Pacific,"Taiwan, China",
Sub-Saharan Africa ,Tanzania,58005463.0
Sub-Saharan Africa ,Uganda,44269594.0
Europe & Central Asia,Ukraine,44386203.0
Latin America & Caribbean ,Uruguay,3461734.0
North America,United States,328239523.0
Europe & Central Asia,Uzbekistan,33580350.0
Latin America & Caribbean ,St. Vincent and the Grenadines,110589.0
Latin America & Caribbean ,"Venezuela, RB",28515829.0
Latin America & Caribbean ,British Virgin Islands,30030.0
Latin America & Caribbean ,Virgin Islands (U.S.),106669.0
East Asia & Pacific,Vietnam,96462106.0
East Asia & Pacific,Vanuatu,299882.0
East Asia & Pacific,Samoa,197097.0
Europe & Central Asia,Kosovo,1788878.0
Middle East & North Africa,"Yemen, Rep.",29161922.0
Sub-Saharan Africa ,South Africa,58558267.0
Sub-Saharan Africa ,Zambia,17861030.0
Sub-Saharan Africa ,Zimbabwe,14645468.0
